label_id,label
0,material
1,process
2,product
3,form
4,produce
5,paper
6,metal
7,surface
8,water
9,system
10,vehicle
11,method
12,base
13,production
14,high
15,application
16,develop
17,large
18,design
19,include
20,chemical
21,plastic
22,glass
23,manufacture
24,steel
25,type
26,aircraft
27,require
28,engine
29,usually
30,car
31,increase
32,heat
33,temperature
34,create
35,example
36,technique
37,structure
38,apply
39,power
40,control
41,iron
42,know
43,layer
44,contain
45,food
46,print
47,polymer
48,wire
49,property
50,cell
51,coating
52,liquid
53,remove
54,fiber
55,particle
56,dry
57,part
58,build
59,time
60,company
61,model
62,work
63,ship
64,new
65,speed
66,operate
67,provide
68,allow
69,air
70,small
71,wheel
72,flight
73,launch
74,early
75,force
76,drive
77,development
78,year
79,technology
80,road
81,driver
82,operation
83,transmission
84,bridge
85,mill
86,later
87,military
88,fly
89,space
90,boat
91,transport
92,british
93,carry
94,range
95,machine
96,pressure
97,cylinder
98,valve
99,pump
100,device
101,user
102,service
103,support
104,software
105,computer
106,call
107,feature
108,datum
109,release
110,network
111,light
112,program
113,available
114,game
115,standard
116,display
117,video
118,version
119,phone
120,energy
121,research
122,lead
123,business
124,project
125,world
126,people
127,google
128,market
129,run
130,digital
131,ibm
132,hardware
133,access
134,apple
135,format
136,platform
137,number
138,app
139,like
140,sell
141,introduce
142,area
143,gas
144,flow
145,low
146,cause
147,reduce
148,industry
149,university
150,state
151,country
152,group
153,history
154,study
155,science
156,information
157,government
158,book
159,engineering
160,society
161,human
162,organization
163,innovation
164,management
165,establish
166,focus
167,term
168,typically
169,load
170,common
171,tool
172,end
173,need
174,cut
175,motor
176,unit
177,building
178,steam
179,communication
180,idea
181,change
182,current
183,lamp
184,voltage
185,image
186,result
187,plant
188,color
189,weapon
190,fuel
191,battery
192,source
193,fire
194,output
195,tube
196,electricity
197,test
198,measure
199,object
200,different
201,sensor
202,\displaystyle
203,analysis
204,component
205,signal
206,measurement
207,level
208,field
209,determine
210,testing
211,effect
212,function
213,case
214,value
215,element
216,approach
