article_id,article_name
0,Bale Out
1,Freedom of Worship (painting)
2,From The Doctor to my son Thomas
3,Fuck: Word Taboo and Protecting Our First Amendment Liberties
4,Fuck (film)
5,Galaxy Science Fiction
6,If (magazine)
7,Muhammad al-Durrah incident
8,Nefarious: Merchant of Souls
9,NoitulovE
10,Not My Life
11,Panavision
12,Planet Stories
13,R U Professional
14,Zoo TV Tour
15,Dan Savage bibliography
16,George Orwell bibliography
17,Al Franken
18,Anonymous (group)
19,Ars Technica
20,BLT cocktail
21,Beck v. Eiland-Hall
22,Bomis
23,C-SPAN
24,Demi's Birthday Suit
25,DuMont Television Network
26,E. C. Stoner
27,Entertainment
28,Free Expression Policy Project
29,Freedom from Fear (painting)
30,Freedom of Speech (painting)
31,Fucking Machines
32,Insane Clown President
33,Jessica Feshbach
34,John Stossel
35,MediaCityUK
36,More Demi Moore
37,Nat Hentoff
38,Neal Boortz
39,No Lifeguard on Duty
40,Not in Front of the Children
41,Olly Blackburn
42,PlayStation
43,Project Chanology
44,Ronald Fedkiw
45,ScienTOMogy
46,"Sex, Sin, and Blasphemy"
47,Technique (newspaper)
48,The Daily Stormer
49,The Last Voyage of the Starship Enterprise
50,The Plot to Hack America
51,Trump Revealed
52,Unomásuno
53,View of the World from 9th Avenue
54,WSJ.
55,Willie Gillis
56,Winston tastes good like a cigarette should
57,Working on a Dream Tour
58,ABS-CBN
59,Al Jazeera
60,Al Jazeera English
61,Al Jazeera controversies and criticism
62,American Broadcasting Company
63,Amy Goodman
64,Andy Warhol
65,Arick Wierson
66,Barack Obama on social media
67,Bernie Ward
68,Bill Moyers
69,Blog
70,Bloody Saturday (photograph)
71,Blues
72,Bob Adams (American football)
73,Bob Woodruff
74,Buckminster Fuller
75,CNBC
76,CNN
77,CNN controversies
78,Canadian Broadcasting Corporation
79,Canadian Radio-television and Telecommunications Commission
80,Cassette tape
81,Censorship
82,Censorship in Turkey
83,Cheddar (TV channel)
84,Christopher Hitchens
85,Color television
86,Comcast
87,Conrad Black
88,Crowell-Collier Publishing Company
89,DVD
90,Daily Mirror
91,Dannielynn Birkhead paternity case
92,ESPN
93,Ed Schultz
94,Editors Committee (Israel)
95,Edward R. Murrow
96,Elijah Daniel
97,Elsevier
98,Euronews
99,Federal Communications Commission
100,Fight Against Coercive Tactics Network
101,Firing of Shirley Sherrod
102,François-Eudes Chanfrault
103,Fraye Arbeter Shtime
104,Geo TV
105,George Orwell
106,Global Language Monitor
107,Grub Street
108,High-dynamic-range video
109,History of printing
110,Howard Hughes
111,HuffPost
112,InfoWars
113,Jazz
114,Jean Baudrillard
115,Jean Grey in other media
116,LGBT in Islam
117,Leavitt Hunt
118,Life (magazine)
119,Light
120,Lucky Guy (play)
121,MSNBC
122,Maricopa County Sheriff's Office controversies
123,Marshall McLuhan
124,Max Clifford
125,Media Research Center
126,Media in Cornwall
127,Media management
128,Media naturalness theory
129,Media of Canada
130,Media of Georgia
131,Media of Romania
132,Media portrayal of lesbianism
133,Michael Bloomberg
134,Michael Yon
135,NBC
136,NBCUniversal
137,Nelvana
138,New media
139,Newspaper
140,Newsweek
141,Oliver B. Shallenberger
142,Paramount Network
143,Pat Robertson
144,Photography
145,Plame affair
146,Political cartoon
147,Publishing
148,Quest (American TV network)
149,RT (TV network)
150,Radio Télévision Libre des Mille Collines
151,Reggae
152,Robert Novak
153,Rupert Murdoch
154,Satellite
155,Sean Hannity
156,Serial (podcast)
157,Seymour Hersh
158,Sky News
159,Sling TV
160,Smart TV
161,Soul music
162,Sound
163,Sports Illustrated
164,Sumner Redstone
165,TNT (Russian TV channel)
166,Telemundo
167,The Guardian
168,The Media Equation
169,The Washington Post
170,Thomas Edison
171,Time (magazine)
172,Toronto Star
173,Trump: The Kremlin Candidate?
174,TrumpNation
175,USA Today
176,Viacom
177,Video CD
178,Video game
179,Virgin Media
180,Virgin TV
181,Vision (Marvel Comics)
182,Voddler
183,Web television
184,Whole Wheat Radio
185,Wolverine in other media
186,Women in Latin music
187,Women in media
188,YTV (TV channel)
189,YouTube
190,21st Century Fox
191,A&E Networks
192,ABC News
193,ABS-CBN News Channel
194,Aaron Fish (producer)
195,Acoustics
196,Adbusters
197,Advertising
198,Aerodrome Inc.
199,Afghan War documents leak
200,Agence France-Presse
201,Air America (radio network)
202,Akashvani (radio broadcaster)
203,Al Arabiya
204,Al Mayadeen
205,Alexander Lebedev
206,All India Radio
207,Alliance for Open Media
208,Alta Newspaper Group
209,Alternative media
210,Amanda Lenhart
211,American Sports Network
212,Angry Penguin Productions
213,Anna Homler
214,Arabic media
215,Archive of Modern Conflict
216,Asia-Pacific Broadcasting Union
217,B-television
218,BBC
219,BBC Archives
220,BBC Cymru Wales
221,BBC News (TV channel)
222,BBC Sport
223,Balloon boy hoax
224,Bell Pottinger
225,Bernie Bro
226,Bertelsmann
227,Black propaganda
228,Blaze Media
229,Bloomberg L.P.
230,Blu-ray Disc recordable
231,CBS
232,CBS Corporation
233,CD-ROM
234,CHUM Limited
235,CNN International
236,Cable television
237,Camera
238,Canadian online media
239,Canon Inc.
240,Canwest
241,"Capitol Records, LLC v. ReDigi Inc."
242,Celebrity
243,Celebrity privacy
244,Censorship in China
245,"Center for Media, Religion and Culture"
246,Channel expansion theory
247,Chicagoland (TV series)
248,Chinese Wikipedia
249,Chris Crocker
250,Christine Berrie
251,Chroma subsampling
252,Cindy Sheehan
253,Cinematography
254,Citynews (Italy)
255,Color theory
256,Communication
257,Composite video
258,Concentration of media ownership
259,Conflict-of-interest editing on Wikipedia
260,Conflict between Kirchnerism and the media
261,Conservation and restoration of time-based media art
262,Content ID (algorithm)
263,Copy protection
264,Corus Entertainment
265,Country code top-level domain
266,Cristal Festival Europe
267,Criticism of The Walt Disney Company
268,Culture industry
269,CyArk
270,DC3 Music Group
271,DTS (sound system)
272,DVD recordable
273,Dagsavisen
274,Daily Collegian
275,Dan Long (producer)
276,Daniel Chandler
277,David Frank (media executive)
278,David Kosse
279,David Sarnoff
280,Deutsche Welle
281,Development communication
282,Dhaki
283,Digital Audio Tape
284,Digital Signature Algorithm
285,Digital audio
286,Digital distribution
287,Digital media
288,Digital photography
289,Digital radio
290,Digital signal
291,Digital signal processing
292,Digital television
293,Digital video recorder
294,Disability in the media
295,Disappearing Model
296,Discovery Asia
297,Discovery Channel
298,Disinformation
299,Disney English
300,Dispersal of ownership
301,Doctor Doom in other media
302,Document.no
303,Documentary film
304,Donald Trump on social media
305,Dow Jones & Company
306,E. W. Scripps Company
307,EMI
308,El País
309,Ethnic press in Baltimore
310,European Broadcasting Union
311,Europeana
312,FXX
313,FX (TV channel)
314,Fairfax Media
315,Falsehood in War-Time
316,"Fear, uncertainty, and doubt"
317,Film
318,Film festival
319,Foreign Affairs
320,Fowler & Wells Company
321,Fox Broadcasting Company
322,Fox Business Network
323,Fox News
324,Fred Kitchen (entertainer)
325,Freedom of the press in Ukraine
326,Freedom of the press in Zambia
327,GMA Network (company)
328,GNU Health
329,Gannett
330,Gatekeeping (communication)
331,Gavin McInnes
332,Gibraltar Broadcasting Corporation
333,Glossary of motion picture terms
334,Godey's Lady's Book
335,Google Video
336,H.264/MPEG-4 AVC
337,Hearst Communications
338,Henry Luce
339,High Efficiency Video Coding
340,History (U.S. TV network)
341,History of advertising
342,History of advertising in Britain
343,History of music
344,History of propaganda
345,Holography
346,Hotel Transylvania (franchise)
347,IAC (company)
348,ISDB
349,Incipit
350,Information Age
351,Information overload
352,Infotainment
353,Ingmar Bergman
354,Inoculation theory
355,Internet
356,Internet universality
357,Iraq War documents leak
358,JFH: Justice For Hire
359,Jack Devine (ice hockey)
360,Jason Binn
361,Jazz Improv (magazine)
362,Jim Brandstatter
363,Jim Price (catcher)
364,Joey Levin
365,John Allee
366,John Kasper
367,Josie Sadler
368,Journalism
369,Journalism ethics and standards
370,Julia Jäkel
371,Kirsty Gallacher
372,Kodi (software)
373,LGBT rights in Pakistan
374,Leaf Group
375,Leveson Inquiry
376,Lifestreaming
377,Live streaming
378,Locative media
379,Low-power broadcasting
380,Lying press
381,MLB Advanced Media
382,Madonna Studies
383,Magnetic tape
384,Magneto in other media
385,Mario Impemba
386,Maritime Matters
387,Marketing
388,Mass media
389,Mass media in Canada
390,Matt Drudge
391,Media General
392,Media Matters for America
393,Media and American adolescent sexuality
394,Media bias
395,Media bias in the United States
396,Media coverage of Catholic sex abuse cases
397,Media coverage of North Korea
398,Media coverage of the Syrian Civil War
399,Media freedom in Russia
400,Media in Cardiff
401,Media literacy
402,Media of Afghanistan
403,Media of Belarus
404,Media of Bosnia and Herzegovina
405,Media of Cyprus
406,Media of India
407,Media of Kosovo
408,Media of South Sudan
409,Media of Syria
410,Media of Turkey
411,Media portrayal of LGBT people
412,Media richness theory
413,Mediaset
414,Mediated cross-border communication
415,Mental illness portrayed in media
416,Michael J. Kelly
417,Michael Moore
418,Michael S. Malone
419,Middle East Broadcasting Center
420,Mixtape
421,Module file
422,Multicultural media in Canada
423,Music
424,Music censorship
425,My Dad Wrote a Porno
426,Médiathèques de Saint-Étienne
427,N. W. Ayer & Son
428,NBC chimes
429,NCTA (association)
430,NTSC
431,NTV (TV channel)
432,Napster
433,Narrative paradigm
434,National Film and Sound Archive
435,National Geographic
436,National Herald corruption case
437,"National Lampoon, Inc."
438,National Post
439,"Nevertheless, she persisted"
440,New media studies
441,News
442,NewsBank
443,News Corporation (1980–2013)
444,News Corporation takeover bid for BSkyB
445,News of the World royal phone hacking scandal
446,Newsmax Media
447,Nick Morgan
448,Nielsen Holdings
449,Nikon
450,Novara Media
451,Ofcom
452,OpenELEC
453,Organization for Transformative Works
454,Overview of 21st-century propaganda
455,PAL
456,PA Media
457,Pearson plc
458,Personality rights
459,Peter Chernin
460,Pocket FM
461,Polandball
462,PolitiFact
463,Politico-media complex
464,Popular music
465,Postmedia Network
466,Prime Video
467,Priming (media)
468,ProPublica
469,Product placement
470,Propaganda
471,Propaganda and Agitation Department
472,Propaganda during the Yugoslav Wars
473,Prophets of Deceit
474,Public relations
475,Pulitzer Prize
476,RCA
477,Rachel Maddow
478,Racial bias in criminal news in the United States
479,Radio
480,Raffi Boghosian
481,ReDigi
482,Red triangle (Channel 4)
483,Reuters
484,Robert Ridder
485,Rock and roll
486,Rod Allen
487,Rogers Communications
488,Roone Arledge
489,Rush Limbaugh
490,Rush Limbaugh–Sandra Fluke controversy
491,Satanic panic (South Africa)
492,Satellite television
493,Scandal
494,Second Captains
495,Sensationalism
496,Sexuality in music videos
497,Shaw Communications
498,Silence
499,Social media
500,Social media in education
501,Social peer-to-peer processes
502,Sony Crackle
503,Spiral of silence
504,Spread spectrum
505,Spreadability
506,Standard (warez)
507,Steve Kaufman
508,Street performance
509,Study of global communication
510,Submarine communications cable
511,Suicide of Jacintha Saldanha
512,Surrey Advertiser
513,Surround sound
514,Suspension of disbelief
515,TV5 Network
516,TV advertisements by country
517,Tactical media
518,Taft Broadcasting
519,Taiwan Church News
520,Taz Wube
521,Ted Turner
522,Television
523,Television advertisement
524,Television in Russia
525,Television network
526,The Daily Telegraph
527,"The Electro-Magnet, and Mechanics Intelligencer"
528,The Golden Age (newspaper)
529,The Independent
530,The Jerusalem Post
531,The KGB and Soviet Disinformation
532,The Media Show
533,The New Day (newspaper)
534,The New York Times
535,The New Yorker
536,The Southern Cross (South Africa)
537,The Times of India
538,The WB 100+ Station Group
539,The Walt Disney Company
540,The Young Turks
541,Thomson Reuters
542,TiVo
543,Topsite (warez)
544,Toronto International Film Festival
545,Transformation processes (media systems)
546,Tribune Media
547,Tribune Publishing
548,Tucker Carlson
549,Turner Broadcasting System
550,Typewriter
551,Ultra-high-definition television
552,University of the Arts London
553,Univision Communications
554,Urofsky v. Gilmore
555,Use of social media by the Islamic State of Iraq and the Levant
556,User-generated content
557,VBS.tv
558,Vice News
559,Video
560,Video on demand
561,Viral video
562,VisionTV
563,Vivendi
564,WAMI-DT
565,WFLX
566,WPP plc
567,WarnerMedia
568,Waterford Whispers News
569,Watershed (broadcasting)
570,We the Media
571,Weekly World News
572,Westword
573,Whataboutism
574,Whistleblower
575,Woman's Home Companion
576,Women's Media Center
577,Women in music
578,World Broadcasting Unions
579,World Indigenous Television Broadcasters Network
580,XBMC4Xbox
581,Yellow journalism
582,Yle
583,Yomiuri Shimbun
584,YouTube Rewind
585,YouTube Rewind 2018: Everyone Controls Rewind
586,Your LL Bean Boyfriend
587,Ziff Davis
588,Zine
589,Élizabeth Teissier
590,Project:Corporate Representatives for Ethical Wikipedia Engagement
591,1380s in music
592,19th-century Catholic periodical literature
593,24-hour news cycle
594,2 Entertain
595,2x2 (TV channel)
596,34mag
597,360-degree video
598,5 Gold Rings
599,5by5 Studios
600,60 Minutes (New Zealand TV program)
601,8-track tape
602,9 to 5: Days in Porn
603,AACTA Award for Best Reality Television Series
604,ABC News Now
605,ABP Group
606,ABS network
607,AGB Nielsen Philippines
608,ALTBalaji
609,ANT1 Group
610,APO Group
611,A Field Guide to Lies: Critical Thinking in the Information Age
612,Aaron Williams (ventriloquist)
613,Access Info Europe
614,Accreditation in Public Relations
615,Ad-ID
616,AdVantage News
617,Adult (magazine)
618,Advance Publications
619,Advertising Standards Authority (South Africa)
620,Advertising campaign
621,Advertising media selection
622,Advertising slogan
623,Advertising to children
624,Affairs Today
625,Age of Interruption
626,Ahlulbayt TV
627,Akher Saa
628,Al-Arab News Channel
629,Al-Hiwar
630,Al Jazeera Media Network
631,Al Jazeera effect
632,Al Masini
633,Alfred Eisenstaedt
634,Algemeen Dagblad
635,Ali Iman Sharmarke
636,All-Russia State Television and Radio Broadcasting Company
637,Allen & Company
638,Allen B. DuMont
639,Alliance for Audited Media
640,Alpha TV
641,Alter Channel
642,Altercasting
643,Ambarella Inc.
644,Ambient media
645,American Federation of Television and Radio Artists
646,American Free Press
647,American News Company
648,Anadolu Agency
649,Anandabazar Patrika
650,Andrew Scott Irving
651,Animation (journal)
652,Antena 3 (Spain)
653,Anthropology of media
654,Arab Media Group
655,Arguing with Idiots
656,Army Times
657,Arne Krumsvik
658,Arnoldo Mondadori Editore
659,Arre (brand)
660,Arthur Nielsen
661,Article marketing
662,AsiaNews
663,Asia Media Group
664,Asian Television Network
665,Aspire (TV network)
666,Assahifa Al Ousbouia
667,Assistant director
668,Association of Broadcasting and Allied Staffs
669,"Association of Cinematograph, Television and Allied Technicians"
670,Aswat al-Iraq
671,Atrocity propaganda
672,Attack ad
673,Audience
674,Audience measurement
675,Audience segmentation
676,Audiovisual
677,Authenticity in art
678,Avid Technology
679,Axel Springer SE
680,Aya: Imagined Autobiography
681,BAMTech
682,BBC Persian
683,BDSM in culture and media
684,BRAD Insight
685,Bahrain Radio and Television Corporation
686,Barbie Liberation Organization
687,Basilica News Agency
688,Bastion Collective
689,Bauer Media Group
690,Bay City News
691,BeIN Channels Network
692,Bell Media
693,Ben Barry
694,Ben Blank
695,Ben Sherwood
696,Benjamin Day (publisher)
697,Berkeley Center for New Media
698,Berliner (format)
699,Best boy
700,Beth Spotswood
701,Big Magic
702,Big Think
703,Bill Weir
704,Billboard hacking
705,Billie Awards
706,Billing (performing arts)
707,Biosensors and Bioelectronics
708,Bisnow Media
709,BitChute
710,Black&Sexy TV
711,Black Legend
712,Black Press
713,Black women in the music industry
714,Bleeping Computer
715,Bloomberg Radio
716,Boat Rocker Media
717,Bob Cesca
718,Body worn video
719,Bonnier Group
720,Botswana National Broadcasting Board
721,Bouygues
722,Brendan O'Connor (media personality)
723,Brexitcast
724,Bridge Information Systems
725,Broadband
726,Broadcast-safe
727,Broadcast calendar
728,Broadcast network
729,Broadcasting Press Guild
730,Broadcasting and Entertainment Trades Alliance
731,Broadcasting contracts in cricket
732,Broadcasting in Chennai
733,BroadwayWorld
734,Brokered programming
735,Brunswick News
736,Buenos Aires Herald
737,Bukola Oriola
738,Bumper (broadcasting)
739,Business Wire
740,Busted!
741,Buzz monitoring
742,Byron Pitts
743,CBC Radio
744,CBS Laboratories
745,CBS News Sunday Morning
746,CKKO-FM
747,CNA (news channel)
748,CNBC Arabiya
749,CNN effect
750,CNN en Español
751,CTC Media
752,Caesar's Messiah
753,Caitlin Moran
754,Cal Thomas
755,Call sign
756,Camera operator
757,Canadian cultural protectionism
758,Capella (notation program)
759,Captain Future
760,Captivate Network
761,Caroline Diehl
762,Carolla Digital
763,Carolyn M. West
764,Cary Granat
765,Casefile True Crime Podcast
766,Cassette tape adaptor
767,Cathy O'Connor
768,Caucasian Knot
769,Caucasus Cable System
770,Cause célèbre
771,Ceisler Media
772,Celebrity culture
773,Celebrity influence in politics
774,Censorship in Saudi Arabia
775,Censorship in the Soviet Union
776,Central Daily News
777,Centralian Advocate
778,Channel Awesome
779,Charissa Thompson
780,Charles Hammond (lawyer and journalist)
781,Charlie Rose
782,Chelsea Film Festival
783,Children's Online Privacy Protection Act
784,Chilling Effects (group)
785,Chorion (company)
786,Chris Hughes (journalist)
787,Christian Broadcasting Network
788,Chrominance
789,Churnalism
790,Cinematographer
791,Citizen media
792,"City Tower, Manchester"
793,Clapper loader
794,Classified advertising
795,Climate Change Denial Disorder
796,Coalition for Innovative Media Measurement
797,Coding tree unit
798,Cohen v. California
799,Color Press Group
800,Colorado Sun
801,Comments section
802,Commercial art
803,Commercial broadcasting
804,Commercial use of Wikimedia projects
805,Common Dreams
806,Commonwealth Broadcasting Network
807,Communication design
808,Communication ethics
809,Communication studies
810,Communications in the United States
811,Communications management
812,Communist propaganda
813,Community Structure Theory
814,Computers and writing
815,Concept testing
816,Concision (media studies)
817,Condé Nast Entertainment
818,Conservation and restoration of performance art
819,Constance Ikokwu
820,Content (media)
821,Content analysis
822,Content creation
823,Content designer
824,Controversy
825,Convergence (journal)
826,Conversation
827,Coolangatta Chronicle
828,Coordinating Council of Audiovisual Archives Associations
829,Copy Control
830,Copyright infringement of audio-visual works
831,Copywriting
832,Corante
833,Corporació Catalana de Mitjans Audiovisuals
834,Corporate media
835,Corriere della Sera
836,Cosmote Sport
837,Cost per mille
838,Countercurrents.org
839,Court of public opinion
840,Cox Media Group
841,Crain Communications
842,Creative Commons NonCommercial license
843,Creative brief
844,Creative director
845,Crisis communication
846,Cult of personality
847,Cultural analytics
848,Culture jamming
849,Culture of fear
850,Cume
851,Cynthia Carter
852,Cynthia McFadden
853,D B Corp Ltd.
854,Daala
855,Dainik Bhaskar
856,Dainik Jagran
857,Dan Abrams
858,Dan Cooper
859,Dan Dickerson
860,Dan Harris (journalist)
861,Danny Schechter
862,Das Echo
863,Data journalism
864,David Lean
865,"David Thomson, 3rd Baron Thomson of Fleet"
866,De Gooi- en Eemlander
867,De Telegraaf
868,Deborah Forte
869,Defy Media
870,Democratic media
871,Demographic profile
872,Demonizing the enemy
873,Dentsu Aegis Network
874,Der Angriff
875,Devil's Bargain
876,Dezinformatsia (book)
877,Dick Clark Productions
878,Die Welt
879,Die Welt (Herzl)
880,Digiday
881,Digital Maoism: The Hazards of the New Online Collectivism
882,Digital audio workstation
883,Digital content
884,Digital first
885,Digital obsolescence
886,Digital rhetoric
887,Digital signage
888,Digital signal processor
889,Digital video
890,Digitization
891,Dimitri Devyatkin
892,Directors Guild of America
893,Disconnection
894,Discovery Channel Russia
895,Disinformation (book)
896,DisneyNow
897,Disney Channel (Russian TV channel)
898,Disney on Parade (stage show)
899,Documenting Hate
900,Dolly grip
901,Don Lee Network
902,Don Peuramaki
903,Donald F. Roberts
904,Donna Wick
905,Donny Deutsch
906,Dot Dot Dot (magazine)
907,Dougal Jerram
908,Douglas Walter McCormick
909,Drew Curtis
910,Dubai Media City
911,Dumbing down
912,Dunja Mijatović
913,E!
914,E. Reese Hopkins
915,EMI Music Publishing
916,ERTU
917,ERT Digital
918,ERT Sports HD
919,ERT World
920,ESPN Asia
921,ESPN Inc.
922,EUobserver
923,Eat 'Em and Smile Tour
924,Echo chamber (media)
925,Ecomedia
926,Economist Group
927,Editorial calendar
928,Edmund A. Chester
929,Edward S. Rogers Jr.
930,Edward Sheehan
931,Edwin T. Meredith
932,Egyptian Media Production City
933,Ei Samay Sangbadpatra
934,El Heraldo de México
935,El Norte de Castilla
936,El Puerto (newspaper)
937,El Rey Network
938,El Universo
939,El pasajero clandestino
940,Electronic daily devotional
941,Electronic field production
942,Electronic media
943,Electronic media and sleep
944,Electronic news-gathering
945,Ellen Wartella
946,Elm Guest House claims and controversy
947,Embedded journalism
948,Emma Freud
949,Enemies of the People (headline)
950,Entertainment Rights
951,Environmental communication
952,Epica Awards
953,Equality Matters
954,Eretz Nehederet
955,Erie Reader
956,Ernst Bettler
957,Eros Now
958,Eros Now Quickie
959,Ethnic media
960,Eugene F. McDonald
961,Eurosport
962,Event cinema
963,Every Singaporean Son
964,Every Singaporean Son II – The Making of an Officer
965,Every Singaporean Son – Epilogue
966,Excellence theory
967,Excélsior
968,Executive producer
969,Exhibition
970,Exploitation of women in mass media
971,FAST marketing
972,Facebook like button
973,Factoid
974,Fairfax Times
975,Fairfax family
976,Fairness and Accuracy in Reporting
977,Fangoria
978,Fastweb (telecommunications company)
979,Feminism and media
980,Fifth screen
981,Film director
982,Film producer
983,Film scanner
984,Firehose of falsehood
985,Fitzrovia News
986,FlashGot
987,Fleischer Studios
988,Focus puller
989,Forbidden Passages
990,Forte (notation program)
991,Foung Hawj
992,Fox Corporation
993,Fox News (1919–1930)
994,Fox Searchlight Pictures
995,Frank Reynolds
996,Free Speech TV
997,Fresh Air
998,Friedrich Kittler
999,From the Top
1000,Fully Charged
1001,Fur-Fish-Game
1002,Future Shock
1003,Future plc
1004,GLAAD
1005,Gaffer (filmmaking)
1006,Gail Guthrie Valaskakis
1007,Galaxis
1008,Gay Mountain
1009,Gazette
1010,Gazprom-Media
1011,GenderFail
1012,George Eaton (journalist)
1013,George Lindemann
1014,Gimmick
1015,Global Media and Communication
1016,GlobeNewswire
1017,Glorianna Davenport
1018,Gloucester Citizen
1019,Godtube
1020,Gold compact disc
1021,Gonzo journalism
1022,Gosnell: The Trial of America's Biggest Serial Killer
1023,Government gazette
1024,Gram Barta Prokashika
1025,Graphic communication
1026,Graphic violence
1027,Greek Business Channel
1028,Grip (job)
1029,Groucho Club
1030,Grupo América
1031,Grupo Globo
1032,Guardian Media Group
1033,Guernsey Press
1034,Guerrilla News Network
1035,Guild of Food Writers
1036,Gunhild Moltesen Agger
1037,GÜFA
1038,HBO Now
1039,HT Media
1040,Halifax Examiner
1041,Harper by Harper's Bazaar
1042,Hay Standard
1043,Haymarket Media Group
1044,Health campaign
1045,Health communication
1046,Heart (symbol)
1047,Hekmat
1048,Hellenic Broadcasting Corporation
1049,Henry Daily Herald
1050,"Here, There & Everywhere (company)"
1051,Here TV
1052,Hibu
1053,High Efficiency Video Coding implementations and products
1054,High Efficiency Video Coding tiers and levels
1055,High dynamic range
1056,Highway Hi-Fi
1057,Hilary Boulding
1058,Hindustan (newspaper)
1059,Hindustan Times
1060,HipTV
1061,History of Fox News
1062,History of Middle Eastern newspaper publishing
1063,History of newspaper publishing
1064,Historypin
1065,Holidays in Greece TV
1066,Home video
1067,Hot Chili
1068,House of Cosbys
1069,How Music Got Free
1070,How to Read Donald Duck
1071,Hrvatski glasnik (Tuzla)
1072,Hubbard Broadcasting
1073,Human voice
1074,Hustler Magazine v. Falwell
1075,Hybrid Log-Gamma
1076,I.Sat
1077,IBC Studios
1078,IHS Markit
1079,I (newspaper)
1080,Ian Halperin
1081,Ian Maxwell
1082,Ideogram
1083,Igor Nikitin (businessman)
1084,Image consulting
1085,Immersion journalism
1086,Impossible Dream (advertisement)
1087,Impresa
1088,In the Arena
1089,Independent Press Standards Organisation
1090,Individuation
1091,Influence of mass media
1092,Information design
1093,Information explosion
1094,Inquisitr
1095,Inside Lacrosse
1096,Instapundit
1097,Intelligence Squared
1098,Interfax
1099,International Journal of Communication
1100,International Radio and Television Organisation
1101,International communication
1102,Internet manipulation
1103,Inés Sainz
1104,Irvin J. Borowsky
1105,Islamophobia in the media
1106,It's OK to be white
1107,J. Walter Thompson
1108,JURIST
1109,Jack Hafer
1110,Jacob Young (documentarian)
1111,Jalsha Movies
1112,James Lull
1113,James Warren (publisher)
1114,Japan Today
1115,Jason Fried
1116,Jawed Karim
1117,Jayne Mansfield-Sophia Loren photo
1118,Jeff Rense
1119,Jeffrey Sconce
1120,Jessica McClure
1121,Jet (magazine)
1122,Jewish News One
1123,Jiaxing Media
1124,John Bassett
1125,John Durham Peters
1126,John Kluge
1127,John Selwyn Gilbert
1128,John Singleton (Australian entrepreneur)
1129,Journal Media Group
1130,Journal of Communication Inquiry
1131,Journalism & Mass Communication Quarterly
1132,Julie Chen
1133,Just Journalism
1134,KOBACO
1135,Kalina Ivanov
1136,Kantar Media Philippines
1137,Kantipur Publications
1138,Kat Hawkins
1139,Katalin Fehér
1140,Katie Nolan
1141,Kazinform
1142,"Kenneth Thomson, 2nd Baron Thomson of Fleet"
1143,Kino-Fot
1144,Kitchen Budapest
1145,Komunisti
1146,Krajowa Rada Radiofonii i Telewizji
1147,"Kyiv International Film Festival ""Molodist"""
1148,L'Action Tunisienne
1149,LGBT rights in Yemen
1150,LGBT rights in the State of Palestine
1151,LV-ROM
1152,La Academia
1153,La Dépêche marocaine
1154,La Repubblica
1155,Ladies' Home Journal
1156,Lagardère Group
1157,Lala Jagat Narain
1158,Larisa Krivtsova
1159,Lau (instrument)
1160,Le Journal Hebdomadaire
1161,Le Monde
1162,Lead vocalist
1163,Leisa Goodman
1164,Leo Burnett
1165,Lerner Newspapers
1166,Lewis Allen (director)
1167,Liberty Media
1168,Lifestyle trends and media
1169,Lighting technician
1170,Like button
1171,Lilie Chouliaraki
1172,Linda Steiner
1173,Lip sync
1174,LiveLeak
1175,LiveU
1176,Lloyd LaCuesta
1177,Location manager
1178,Logo of NBC
1179,Longmont Times-Call
1180,Lorry I. Lokey
1181,Los Americans
1182,Lynn Smith
1183,MHz Networks
1184,MPEG-H
1185,MPEG-H 3D Audio
1186,MPEG media transport
1187,MVS Comunicaciones
1188,Maclean-Hunter
1189,Magazine
1190,Magazine Management
1191,Maharashtra Times
1192,Mainstream
1193,Mainstream media
1194,Malaya (newspaper)
1195,Mamiya
1196,Manchester Observer
1197,Manuel Castells
1198,Margaret Wallace
1199,Marketing decision support system
1200,Marketwired
1201,Maroc Soir Group
1202,Marquette University Student Media
1203,Martha Stewart Living Omnimedia
1204,Martin Bashir
1205,Marty Appel
1206,Mary E. Williamson
1207,Mascherata
1208,Mashup (video)
1209,Mass communication
1210,Mass media and politics in Japan
1211,Matt Lauer sexual misconduct allegations
1212,Matt Shepard (sportscaster)
1213,Matthew Fuller (author)
1214,McClatchy
1215,Media-Analyse (Germany)
1216,Media (communication)
1217,Media Council of Papua New Guinea
1218,Media Lab Europe
1219,Media Preservation Foundation
1220,Media Wales
1221,Media activism
1222,Media and LGBTQ youth of colour in the United States
1223,Media and gender
1224,Media archaeology
1225,Media bias in South Asia
1226,Media buying
1227,Media circus
1228,Media conglomerate
1229,Media context studies (Advertising research)
1230,Media coverage of global warming
1231,Media culture
1232,Media event
1233,Media in Ethiopia
1234,Media in Karnataka
1235,Media in Kiribati
1236,Media in Sarajevo
1237,"Media in Sault Ste. Marie, Ontario"
1238,Media in Zambia
1239,Media intelligence
1240,Media manipulation
1241,Media market
1242,Media ministries of the Seventh-day Adventist Church
1243,Media monitoring
1244,Media monitoring service
1245,Media of Africa
1246,Media of Bolivia
1247,Media of Cape Verde
1248,Media of Germany
1249,Media of Iran
1250,Media of Israel
1251,Media of Ivory Coast
1252,Media of Jordan
1253,Media of Kazakhstan
1254,Media of Kenya
1255,Media of Kyrgyzstan
1256,Media of Latvia
1257,Media of Lithuania
1258,Media of Mongolia
1259,Media of Mozambique
1260,Media of Nauru
1261,Media of Nepal
1262,Media of Poland
1263,Media of Puerto Rico
1264,Media of Russia
1265,Media of Slovakia
1266,Media of Sri Lanka
1267,Media of Sudan
1268,Media of Taiwan
1269,Media of Thailand
1270,Media of Uzbekistan
1271,Media of Vanuatu
1272,Media of Vietnam
1273,Media of the Czech Republic
1274,Media of the Democratic Republic of the Congo
1275,Media of the Faroe Islands
1276,Media of the United Arab Emirates
1277,Media of the United Kingdom
1278,Media of the United States
1279,Media planning
1280,Media policy
1281,Media portrayal of the Ukrainian crisis
1282,Media prank
1283,Media proprietor
1284,Media psychology
1285,Media studies
1286,Media transparency
1287,Mediacracy
1288,Mediaite
1289,Mediassociates
1290,Mediated intercultural communication
1291,Mediatization (media)
1292,Mega Channel
1293,Mega event advertising
1294,Memetic engineering
1295,Meredith Corporation
1296,Message
1297,Metropolitan Police role in the news media phone hacking scandal
1298,Michael Jelenic
1299,Michael Jenkins (sportscaster)
1300,Milk carton kids
1301,Minced oaths in media
1302,MiniDVD
1303,Mini CD
1304,"Ministry of Digital Development, Communications and Mass Media (Russia)"
1305,Mirko Tobias Schäfer
1306,Misinformation
1307,Mistakes were made
1308,Mladá fronta DNES
1309,Models of communication
1310,Momtaz Begum-Hossain
1311,Mondo TV
1312,Monitor (American TV program)
1313,Monte Lipman
1314,Montreal Arts Interculturels
1315,Mortimer Zuckerman
1316,Mosaic: World News from the Middle East
1317,MovieCD
1318,Movie star
1319,Movies Anywhere
1320,Movietone News
1321,Mperience
1322,Ms. (magazine)
1323,Muckraker
1324,Multichannel marketing
1325,Multidimensional DSP with GPU Acceleration
1326,Multiliteracy
1327,Multimedia
1328,Multimedia Studies
1329,Multimedia translation
1330,Multiview Video Coding
1331,Music community
1332,Music of Rome
1333,Musica sacra (magazine)
1334,Musical ensemble
1335,Mute Nights Festival
1336,Muz-TV
1337,NDC Mediagroep
1338,NDTV
1339,NHK Science & Technology Research Laboratories
1340,NOS (Portuguese media company)
1341,NRC Handelsblad
1342,NZZ Mediengruppe
1343,Naming rights
1344,Narcotizing dysfunction
1345,Narrowcasting
1346,Natalie (website)
1347,Natalie Morales (journalist)
1348,Natasha Courtenay-Smith
1349,"National Communications Network, Guyana"
1350,National Digital Newspaper Program
1351,National Science and Media Museum
1352,National memory
1353,Navbharat Times
1354,Network18 Group
1355,New Brunswick Broadcasting Company
1356,"New Hellenic Radio, Internet and Television"
1357,New Journalism
1358,New Media & Society
1359,New Video
1360,New World Information and Communication Order
1361,New media in Ghana
1362,News America Marketing
1363,News Corp (2013–present)
1364,News Corp Australia
1365,News Feed
1366,News agency
1367,News ratings in Australia
1368,News ticker
1369,Newspaper hawker
1370,Nichane
1371,Niche blogging
1372,Nicholas Chare
1373,Nickelodeon (Russia and CIS)
1374,Niconico
1375,Nielsen Audio
1376,Nielsen Corporation
1377,Nielsen Media Research
1378,Nikki Finke
1379,Nikon F 70-300mm lens
1380,Nils Erik Bæhrendtz
1381,Nina Gilden Seavey
1382,Nizar Chaari
1383,Non-apology apology
1384,Non-denial denial
1385,Non-linear media
1386,Non-linear multi-dimensional signal processing
1387,Northamptonshire Evening Telegraph
1388,Northern soul
1389,Nova Cinema (Greece)
1390,Now (newspaper)
1391,Numeris
1392,OURsceneTV
1393,Obfuscation
1394,Observer Media
1395,Ofer Nimrodi
1396,Off the Ball (media company)
1397,Old media
1398,On the Media
1399,Online youth radicalization
1400,Operation Midland
1401,Osoyoos Times
1402,Ostara (magazine)
1403,Othernet
1404,Otter Media
1405,Out-of-home advertising
1406,Outline of acoustics
1407,Outrage porn
1408,Overchoice
1409,PAL-M
1410,PBS Distribution
1411,PR Newswire
1412,Pablo Reyes Jr
1413,Page layout
1414,Pageview
1415,Paid news in India
1416,Pandit
1417,Panel discussion
1418,Paolo Berlusconi
1419,Parasocial interaction
1420,Patricia Fili-Krushel
1421,Patti Valkenburg
1422,Paul Martin Lester
1423,Peng Collective
1424,Pentax
1425,Performance-based advertising
1426,Personalcasting
1427,Peter Greste
1428,Peterborough Herald and Post
1429,Peterborough Telegraph
1430,Philadelphia City Paper
1431,Photography is Not a Crime
1432,Pinewood Group
1433,Pitaval
1434,PlanetOut Inc.
1435,Planeta Group
1436,Planetboredom
1437,PlayTape
1438,Pledge drive
1439,Pluto TV
1440,Poetry and the Microphone
1441,Political campaign
1442,Political communication
1443,Political economy of communications
1444,Pop journalism
1445,Prager Zeitung
1446,Preservation of kobzar music
1447,Press Scrutiny and Registration Division
1448,Press release
1449,Press support
1450,Presstitute
1451,PriMedia Inc
1452,Prime Sports
1453,Production assistant
1454,Production coordinator
1455,Production designer
1456,Program and System Information Protocol
1457,Prometheus Global Media
1458,Promo (media)
1459,Promoting adversaries
1460,Propaganda and India in World War II
1461,Propaganda in the Russian Federation
1462,Propaganda through media
1463,Prosumer
1464,Prothom Alo
1465,Psychological Medicine (journal)
1466,Public inquiry
1467,Public relations campaigns of Edward Bernays
1468,Public relations of high fructose corn syrup
1469,Publication
1470,Publicist
1471,Publicity stunt
1472,Punjab Kesari
1473,Puppet Heap
1474,QNews
1475,Qorvis
1476,Quantel
1477,Quebecor Media
1478,RIA Novosti
1479,ROI of Social Media
1480,RTL Group
1481,RT Arabic
1482,RYOT
1483,Radia tapes controversy
1484,"Radio, Electrical and Television Retailers' Association"
1485,Radio Mayak
1486,Radio Tales
1487,Radio advertisement
1488,Radio noise
1489,Radioio
1490,Radiotelevizija Slovenija
1491,Raees (soundtrack)
1492,RaiPlay
1493,Rajasthan Patrika
1494,Randy Weiner
1495,Rankin/Bass Productions
1496,Raphael Mazzucco
1497,Rassd News Network
1498,RatDVD
1499,Rate card
1500,Ravensbourne University London
1501,Real News Update
1502,Reality Winner
1503,Reconstitution
1504,Red Zebra Broadcasting
1505,Rediffusion
1506,Reed Irvine
1507,Reliable Sources
1508,Religious broadcasting
1509,Remnant advertising
1510,ReplayTV
1511,Republic TV
1512,Reuters Group
1513,Revenue per mille
1514,Revolt (TV network)
1515,Richard Hull (executive)
1516,Richard Wolffe
1517,Right Side Broadcasting Network
1518,Ringier
1519,Riverina Times
1520,Robertson v. McGraw-Hill Co.
1521,Roderick Vonhögen
1522,Rossiya Segodnya
1523,Rotary Centre for the Arts
1524,Rough Trade Records
1525,Roularta
1526,Roy E. Larsen
1527,Roy Greenslade
1528,"Roy Thomson, 1st Baron Thomson of Fleet"
1529,Rundfunk Anstalt Südtirol
1530,Russia-K
1531,Russia Insider
1532,Russian Federal Communications Agency
1533,Russian State Commission for Radio Frequencies
1534,Russian book ban in Ukraine
1535,SDI Media Hungary
1536,STS (TV channel)
1537,SUN Group
1538,Sahara India Pariwar
1539,Saint Mary's Beacon
1540,Salem Media Group
1541,Sally Steele
1542,Sampling (music)
1543,Sandusky Register
1544,Santa Maria Sun
1545,Sarah Koenig
1546,Scenic design
1547,Schweizer Eisenbahn-Revue
1548,Science Friday
1549,Score Media
1550,Screen International
1551,Script supervisor
1552,Second screen
1553,Self-publishing
1554,Sendai Mediatheque
1555,Serial (publishing)
1556,Serviio
1557,Sexed up
1558,Seychelles News Agency
1559,Shari Redstone
1560,SheKnows Media
1561,Shore Fire Media
1562,Showtime Arabia
1563,Showtime Scandinavia
1564,Siegfried Zielinski
1565,Simulcast
1566,Singapore Press Holdings
1567,Single-source data
1568,Sistema Globo de Rádio
1569,SitePoint
1570,Skai TV
1571,Slogan
1572,Smoke signal
1573,Social Impact Media Awards
1574,Social media and political communication in the United States
1575,Social media and suicide
1576,Social media and television
1577,Social media as a public utility
1578,Social media measurement
1579,Social media mining
1580,Sondhi Limthongkul
1581,Sono Cairo
1582,Sony Six
1583,Sony Ten
1584,Sony Ziris
1585,Soul of the South Network
1586,Sound bite
1587,SourceMedia
1588,SouthComm Communications
1589,Spectrum News Capital Region
1590,Spectrum News Central New York
1591,Spin (propaganda)
1592,Splash News
1593,Splinter News
1594,Sponsor (commercial)
1595,Sponsor Magazine
1596,Spunk Library
1597,Sri Lanka Broadcasting Corporation
1598,Stadium (sports network)
1599,Standard-dynamic-range video
1600,StarMaker Interactive
1601,StarMetro (newspaper)
1602,StarPlus
1603,Star China Media
1604,Star Jalsha
1605,Stat (website)
1606,State media
1607,Station identification
1608,Steve Amerson
1609,Steve Scully
1610,Stewart Shining
1611,Stingray Group
1612,Stock sound effect
1613,Storify
1614,Stornoway Communications
1615,Stranger (magazine)
1616,Street artist
1617,Stuart Ewen
1618,Stuart Subotnick
1619,Studio manager
1620,Subhash Chandra
1621,Subliminal stimuli
1622,Succès de scandale
1623,Sud Ouest (newspaper)
1624,Sun Media
1625,Sun TV Network
1626,Sunday Mirror
1627,Sunset (magazine)
1628,Suprobhat Bangladesh
1629,Symbolic annihilation
1630,Syrnet
1631,System (magazine)
1632,TASS
1633,TEN Cricket
1634,TESTV
1635,TI Media
1636,TROS
1637,TR Emeritus
1638,TVP
1639,TV Azteca
1640,Tabloid journalism
1641,TalkTalk TV
1642,Talker
1643,Tapestries of Hope
1644,Target audience
1645,Techdirt
1646,Technical writing
1647,Ted Koppel
1648,Telegraaf Media Groep
1649,Telepictures
1650,Televisa
1651,Televisión Española
1652,Telewizja Polska
1653,Terry Moran
1654,Tetrad of media effects
1655,The Action Network
1656,The Advocate (LGBT magazine)
1657,The Brunei Times
1658,The Calcutta Chronicle and General Advertiser
1659,The Diane Rehm Show
1660,The Doon School Weekly
1661,The Dove Foundation
1662,The Drug Years
1663,The Environment Report
1664,The Factory
1665,The Global Media Monitoring Project
1666,The Globe (student newspaper)
1667,The Globe and Mail
1668,The Hindu
1669,The Houstonian (newspaper)
1670,The Incredibly Strange Film Show
1671,The Independent Journal
1672,The Innovators (book)
1673,The Irish Worker
1674,The Irish Workers' Voice
1675,The Japan Times
1676,The Jewish Chronicle
1677,The Lily (Washington Post)
1678,The Logan and Albert Bulletin
1679,The Mailer Review
1680,The Man from O.R.G.Y.
1681,The Mancunion
1682,The National Sports Daily
1683,The New Arab
1684,The New Republic (newspaper)
1685,The O'Colly
1686,The Philadelphia Public School Notebook
1687,The Press-Enterprise
1688,The Real News
1689,The Reporter (Taiwan)
1690,The Revealed
1691,The Rights Workshop
1692,The Rocks Pop-up
1693,The Sharp Project
1694,The Student (newspaper)
1695,The Telegraph (Kolkata)
1696,The Thistle & Shamrock
1697,The Times Group
1698,The Times of Israel
1699,The Tufts Observer
1700,The Two-Income Trap
1701,The Uses of Literacy
1702,The Village Voice
1703,The Wall Street Transcript
1704,The Western Star (Ohio)
1705,Thematic interpretation
1706,This Land Press
1707,Thomson Corporation
1708,Thrillist
1709,"Time, Inc. v. Hill"
1710,Time Inc.
1711,Timecode
1712,Times Union (Albany)
1713,Tinopolis
1714,Tiny Desk Concerts
1715,Tiscali
1716,Tokenism
1717,Tom Toles
1718,"Tony Hall, Baron Hall of Birkenhead"
1719,Top Secret America
1720,Toyetic
1721,Traduire
1722,Transcontinental (company)
1723,Transitions Online
1724,Transmediality
1725,Transparency of media ownership in Bulgaria
1726,Transparency of media ownership in Europe
1727,Travel Channel
1728,Travel documentary
1729,Traverse City Record-Eagle
1730,"Trust Me, I'm Lying"
1731,Truth & Transparency Foundation
1732,Tyler Brûlé
1733,Typing
1734,UAE National Media Council
1735,UBM plc
1736,USC Annenberg School for Communication and Journalism
1737,Ultra HD Forum
1738,Underground media in German-occupied Europe
1739,United Kingdom Independent Broadcasting
1740,United States Newspaper Program
1741,United States news media and the Vietnam War
1742,Univision Deportes Network
1743,Univision Noticias
1744,Unsolicited advertisement
1745,Up First
1746,Uproxx
1747,Urmia Orthodokseta
1748,Use of Twitter by public figures
1749,VDARE
1750,VIDgital
1751,Variantology
1752,Vedat Demir
1753,Verrit
1754,Versatile Video Coding
1755,Veterans Today
1756,Vevo
1757,Viacom criticisms and controversies
1758,Victor Jorgensen
1759,VidCon
1760,Vidar Theisen
1761,Video art
1762,Video camera
1763,Video news release
1764,Vietnam Multimedia Corporation
1765,Vimeo
1766,Vince Cotroneo
1767,Virgin EMI Records
1768,Virgin Media Business
1769,Virtual surround
1770,Visual Communication (journal)
1771,Visual communication
1772,Visual networking
1773,Vizrt
1774,Voice of Russia
1775,Volodymyr Ivanenko
1776,Vremya
1777,Vulcan Inc.
1778,W.A.H. (album)
1779,WAXY (AM)
1780,WBFS-TV
1781,WEHCO Media
1782,WINZ (AM)
1783,WMIB
1784,WPBT
1785,WPXM-TV
1786,WRC+
1787,Wall Street Lays An Egg
1788,Wallstrip
1789,Walter E. Hussman Jr.
1790,Walter E. Hussman Sr.
1791,Walter Lippmann
1792,Wangaratta Chronicle
1793,War against the potato beetle
1794,WarnerMedia Entertainment
1795,Warren Publishing
1796,Warwick Oswald Fairfax
1797,Wattpad
1798,Wayuunaiki (newspaper)
1799,We Hold These Truths
1800,Web content
1801,Web series
1802,Westmount Examiner
1803,Weston Democrat
1804,Where's the beef?
1805,Whitewashing (beauty)
1806,WiDi
1807,Wilhelm scream
1808,William Bernard Ziff Jr.
1809,"Wizard People, Dear Reader"
1810,Women's Image Network Awards
1811,Women's eNews
1812,Word on Fire
1813,World Association for Christian Communication
1814,World Dance New York
1815,World Day Against Cyber Censorship
1816,World news
1817,XAVC
1818,Ynetnews
1819,Yolk magazine
1820,Your Call Football
1821,Zee Entertainment Enterprises
1822,Zee Hindustan
1823,Zee Media
1824,Zug (website)
1825,ZuiTube
1826,.ec
1827,17 (app)
1828,270towin.com
1829,2D Or Not 2D Animation Festival
1830,7 Billion Others
1831,902 TV
1832,A.M.A.N. (TV series)
1833,ABP Ananda
1834,ABP News
1835,ADN (newspaper)
1836,AEConnect
1837,AME Publishing Company
1838,ANT1 Prime
1839,Aaj Tak
1840,Abdul Kader Kamli
1841,Abolishing the Borders from Below
1842,Achaia Channel
1843,Active gross rating point
1844,Actors Guild of Nigeria
1845,Adl (newspaper)
1846,Adrienne Evans
1847,Advertising-free media
1848,Advertising Producers Association
1849,Advertising inventory
1850,Afghan Times
1851,Agenția de presă RADOR
1852,Airline Reporter
1853,Al-Jumhuryah
1854,Al-Thawra (Yemen)
1855,AlRay AlAam
1856,Al Messa
1857,Alaska (pamphlet)
1858,AllNovaScotia
1859,All Songs Considered
1860,Alliance pour les chiffres de la presse et des médias
1861,Amazing America with Sarah Palin
1862,Amazon Instant Video UK
1863,American Citizen (newspaper)
1864,American Fantasy Press
1865,Amit Schejter
1866,Ana J. Bridges
1867,Andis Hadjicostis
1868,Andrea Jaffe
1869,Andrew Miller (executive)
1870,Apple Daily (Taiwan)
1871,Ararat Advertiser
1872,Armidale Express
1873,AsiaOne
1874,Asian Media Information and Communication Centre
1875,Association for Heritage Interpretation
1876,Australian Indigenous Communications Association
1877,Automated Measurement of Lineups
1878,Avisenes Nyhetsbyrå
1879,Azcárraga family
1880,B2Blogger.com
1881,BBC Player
1882,BBC Store
1883,BTVI
1884,Baltimore Jewish Life
1885,Bartaman
1886,Bathtub hoax
1887,BeIN Media Group
1888,Beleichtungen
1889,BeritaSatu Media Holdings
1890,Bernadette Wegenstein
1891,Bharat Samachar
1892,Big J TV
1893,Birch ratings
1894,Black Book (non-standard disc format)
1895,Blendle
1896,Blue Book (CD standard)
1897,Bona fide group
1898,Bonnier family
1899,Bonton Group
1900,Bpm:tv
1901,Brent Redstone
1902,"Broadcasting, Entertainment, Cinematograph and Theatre Union"
1903,"Broadcasting House, Cardiff"
1904,Brown Institute for Media Innovation
1905,Buddhist Broadcasting Foundation
1906,Burns Times-Herald
1907,CNBC Awaaz
1908,CNW Group
1909,CSRWire Canada
1910,Candy Crush (game show)
1911,Cannes Corporate Media & TV Awards
1912,Capital Gazette
1913,Carmarthen Journal
1914,Carousel (TV channel)
1915,Casson Trenor
1916,Cast member
1917,Castlemaine Mail
1918,Center on Media and Child Health
1919,Central News Agency (Taiwan)
1920,Central Television and Radio Studio of the Russian Ministry of Defence
1921,Centre de liaison de l'enseignement et des médias d'information
1922,Channel 9 (Greece)
1923,Charles S. Martz
1924,Checkerboard Lounge
1925,Chemical free
1926,Chicago Times
1927,Children's Daily
1928,China Daily News (Taiwan)
1929,Christian Women in Media Association
1930,Chronicling America
1931,Church Times
1932,Circus Galop
1933,Cision
1934,Club América Media
1935,Commercial Times
1936,Communication Quarterly
1937,Communications Regulatory Authority of Namibia
1938,Content delivery
1939,Continental Films
1940,Coonabarabran Times
1941,Coranto
1942,Council for Mass Media in Finland
1943,Cowra Guardian
1944,Croron Mein Khel
1945,Cross-genre
1946,Cross-promotion
1947,Crossroads Christian Communications
1948,Cumberland Times and Western Advertiser
1949,Custom media
1950,Czas Baltimorski
1951,Czech News Agency
1952,DD Goa
1953,DOCAM
1954,Daily Pakistan
1955,Daily Post India
1956,Daniëlle Overgaag
1957,DataArt
1958,Davina Barbara
1959,Daylight Nigeria
1960,Deborah Cameron (linguist)
1961,Democratic Messenger (newspaper)
1962,Der Adler
1963,Derby News Network
1964,Design director
1965,DigiTimes
1966,Digital Speech Standard
1967,Digital heritage
1968,Directors Guild of Nigeria
1969,Direkte Aktion
1970,Dispatch News Service
1971,Diário de Marília
1972,Don Dorrigo Gazette
1973,Donjuan (magazine)
1974,Doremus & Co.
1975,Dorico
1976,Dubai Studio City
1977,Dungog Chronicle
1978,ET Now
1979,Economia
1980,Effective Public Relations
1981,El Anunciador
1982,El Calpense
1983,El Faro de Gibraltar
1984,El Paquete Semanal
1985,El Plural
1986,Essence Global
1987,Ethnic Multicultural Media Academy
1988,European Broadcasting Area
1989,European Media Management Association
1990,Evangelische Omroep
1991,Expozine
1992,Fabchannel.com
1993,Fairchild Group
1994,Filmstaden
1995,Floyd Chalmers
1996,Folketingstidende
1997,Foreign celebrity advertising
1998,Forward Versatile Disc
1999,Fourth screen
2000,Frankfurter Neue Presse
2001,François Labbé
2002,Free Media
2003,Freedom of the press in Bhutan
2004,Freimut Duve
2005,Friday Night Productions
2006,Fullscreen
2007,Fultonhistory.com
2008,GBH (design and advertising agency)
2009,GNN (news channel)
2010,Gabriele Hooffacker
2011,Gel conference
2012,GenealogyBank.com
2013,Genre-busting
2014,Gill (publisher)
2015,Gio Benitez
2016,Glen Innes Examiner
2017,Global Media Group
2018,Global news flow
2019,Gomantak Times
2020,Gonzo Today
2021,Google Videos
2022,Googlearchy
2023,Government mouthpiece
2024,"Graphical, Paper and Media Union"
2025,Green Book (CD standard)
2026,Gregg Doyel
2027,Grigoris Arnaoutoglou
2028,Group Nine Media
2029,Groupe TVA
2030,Grupo Multimedios
2031,Guinean Press Agency
2032,Gujarat Samachar
2033,Gulgong Guardian And District Mining Record
2034,Gyeongju Sinmun
2035,HHO Multimedia
2036,Hamid Naficy
2037,Hammonton Gazette
2038,Head New Media
2039,Heavy-up
2040,Heligimbal
2041,History of French journalism
2042,Holiday House
2043,Hot Docs Canadian International Documentary Festival
2044,Icelandic Modern Media Initiative
2045,Ichannel
2046,In Goa News
2047,India News
2048,India TV
2049,India Today (TV channel)
2050,Information subsidy
2051,International Communication Gazette
2052,Internet radio audience measurement
2053,Inverell Times
2054,Jam sync
2055,James W. Carey
2056,Jennifer A. Johnson
2057,Jerrold Electronics
2058,Jiao Li
2059,Joey Muthengi
2060,John Bayne Maclean
2061,John D. H. Downing
2062,Joop van den Ende
2063,"José Luis Díaz Sonido para Cine, TV y Publicidad"
2064,José van Dijck
2065,Julie Nelson (TV anchor)
2066,Kairos (journal)
2067,Kalimera Ellada
2068,Katalyst Media
2069,Keith Schilling
2070,Kent and Sussex Courier
2071,Kevin Maxwell
2072,Key grip
2073,Khabaristan Times
2074,Killing Jesus
2075,Klassa
2076,Kol Mevaser
2077,Konstantinou kai Elenis
2078,Korea Newswire
2079,La Academia (Paraguayan TV series)
2080,La Sentinelle (Mauritius)
2081,La Voce (newspaper)
2082,Lagardère Active
2083,Lambrakis Press Group
2084,Larisa Shchiryakova
2085,Laurentian Media Group
2086,Lavender Media
2087,Le Défi Media Group
2088,Le Pays Réel
2089,Leon de Wolff
2090,Liberty Corporation
2091,Life Outreach International
2092,Lisa Sylvester
2093,Lithuanian National Radio and Television
2094,Live with Moeed Pirzada
2095,Local Xpress
2096,London Press Exchange
2097,Luther Pendragon
2098,MASTV
2099,MRT Sat
2100,Maalos
2101,Macau Daily Times
2102,Macmillan Media
2103,Mafra (company)
2104,Mahaka Media
2105,Maine Media Workshops
2106,Mansfield News Journal
2107,Manuel Alvarado
2108,Margaret Gallagher
2109,Marked (TV series)
2110,Maui Film Festival
2111,Maximum Media
2112,Maxwell Communication Corporation
2113,Mayo News
2114,Mazhavil Manorama
2115,"Media, Culture & Society"
2116,Media Institute of Southern Africa (MISA) Malawi
2117,Media Report to Women
2118,Media clip
2119,Media consumption
2120,Media contacts database
2121,Media in Benin
2122,Media mix
2123,Media of Botswana
2124,Media of Brunei
2125,Media of Finland
2126,Media of Honduras
2127,Media of Hungary
2128,Media of Italy
2129,Media of Jersey
2130,Media of Mauritius
2131,Media of Tajikistan
2132,Media of Tanzania
2133,Media of Turkmenistan
2134,Media of Ukraine
2135,Media of the Central African Republic
2136,Media pilgrimage
2137,Media relations
2138,Media ritual
2139,Media strategy
2140,Mediafin
2141,Mediated
2142,Mediaweek (Australia)
2143,Meenakshi Gigi Durham
2144,MercoPress
2145,Metro (U.S. newspaper)
2146,Michael Redstone
2147,Michele Sorice
2148,Middle-market newspaper
2149,Military–industrial–media complex
2150,Minileaks
2151,Ministry of Information and Broadcasting (South Sudan)
2152,Minyanville
2153,Mongolian Heart
2154,Motion graphic design
2155,Mountain Statesman
2156,Multimedia library
2157,Myanmar News Agency
2158,Métro (Montreal newspaper)
2159,NBC Out
2160,NDTV India
2161,NDTV Profit
2162,NOS Audiovisuais
2163,NU.nl
2164,Natasja Crone Back
2165,National Television and Radio Company of Uzbekistan
2166,Native video
2167,NavGujarat Samay
2168,Neox (TV channel)
2169,News18 India
2170,News9 (Karnataka)
2171,NewsPim
2172,NewsX
2173,News Nation
2174,News Vanguard
2175,News analyst
2176,News on the Green
2177,Newspapers in the United States
2178,Nielsen Broadcast Data Systems
2179,Nikolai Svanidze
2180,Nitro (TV channel)
2181,No comment
2182,Nordvision
2183,Norge Idag
2184,North Media
2185,North of Scotland Newspapers
2186,Norwalk Reflector
2187,O Globo
2188,Okhovvat
2189,On Point
2190,One Productions
2191,Only a Game
2192,OpenBSD Journal
2193,Orthodox Christian Network
2194,Out of Home Advertising Association of America
2195,OzTAM
2196,Pacific Star Network
2197,Pack journalism
2198,Pakistan Electronic Media Regulatory Authority
2199,Pakistan Link
2200,Pakistan Remote Sensing Satellite
2201,Parramatta Advertiser
2202,Parramatta Sun
2203,Phone-in
2204,Pier Silvio Berlusconi
2205,Pilbara And Kimberley Aboriginal Media
2206,Pitch People
2207,Plugola
2208,Popular music of Vietnam
2209,Portadown News
2210,Pot TV
2211,PredPol
2212,Press Holdings
2213,Press agent
2214,Print design
2215,Public Relations (book)
2216,Public affairs (broadcasting)
2217,QFX Cinemas
2218,Qintex
2219,ROSTA posters
2220,RTV USK
2221,Radio Biafra
2222,Radio Research Consortium
2223,Rainbow Books
2224,Raj Music Karnataka
2225,Rebecca Whisnant
2226,Rede Anhangüera de Comunicação
2227,Rediffusion Singapore
2228,Remstar
2229,Richard Weiner (American author)
2230,Rio Grande Sun
2231,Rivers State Ministry of Information and Communications
2232,Rivers State Television
2233,Robert Arthur (radio announcer)
2234,Rocky King Detective
2235,Rodolfo Abrantes
2236,Ron Wynn
2237,Ronald Osborne
2238,Roxbury News
2239,Rudy Behlmer
2240,Runnymede Corp.
2241,Rural Press
2242,Russian Travel Guide
2243,Rysher Entertainment
2244,Rádio Santos
2245,SDI Media Czech Republic
2246,SDI Media Russia
2247,Saarbrücker Zeitung
2248,Sada News Agency
2249,SagamoreHill Broadcasting
2250,Salman Masood
2251,Sam Osman
2252,Santos TV
2253,Sarah Palin Channel
2254,Satellite media tour
2255,Scott Goodson
2256,Scottish Digital Network
2257,Scream (magazine)
2258,Script coordinator
2259,Sebastián Cordero
2260,Selkirk Communications
2261,Sexology (magazine)
2262,"Sexualization, Media, and Society"
2263,Shahar Media Group
2264,Shanghai Media & Entertainment Group
2265,Sharat Raju
2266,Sharq (magazine)
2267,Signal separation
2268,Singapore Free Press
2269,Sleeping Giants
2270,Slovak Sport.TV
2271,SoHo (magazine)
2272,Social media analytics
2273,Social media intelligence
2274,Social media newsroom
2275,Social media policy
2276,Social polling
2277,Sony Aath
2278,Sony Marathi
2279,Sony α7S II
2280,South Florida PBS
2281,Spectrum TV Stream
2282,Spenta Multimedia
2283,Sport TV (Russia)
2284,St. Louis Jewish Light
2285,Stanley E. Hubbard
2286,Stanley Hubbard
2287,Status Labs
2288,Still camera
2289,Stjørdalens Blad
2290,Strategic media
2291,Styria Media Group
2292,Subsidiary right
2293,Surround sound marketing
2294,TAO (collective)
2295,TDR (journal)
2296,TD Ameritrade Network
2297,TFH Publications
2298,TURF Analysis
2299,TV-3 (Russia)
2300,Tabla!
2301,Taiwan Daily
2302,Talk to the Press
2303,Telegram Corporation
2304,Telegraph Media Group
2305,Telemedia
2306,Telesistema Mexicano
2307,Telesync
2308,Tell Me More
2309,Terminal 5 (venue)
2310,The Alpena News
2311,The Ant Farm
2312,The Arab American News
2313,The Athens Messenger
2314,The B.C. Catholic
2315,The Blue Mountains Advertiser
2316,The Calhoun Chronicle and The Grantsville News
2317,The Casket
2318,"The Chronicle (Barton, Vermont)"
2319,The Craftsman (newspaper)
2320,The Culvert Chronicles
2321,The Daily Graphic
2322,The Deccan Times
2323,The Entertainment Capital of the World
2324,The Frostburg Gleaner
2325,The Game Channel (Philippines)
2326,The Glasgow Courier
2327,The Gordons (writers)
2328,The Harden-Murrumburrah Express
2329,The Irish Citizen
2330,The Irish Socialist
2331,The Jewish Week
2332,The Journal of Media Law
2333,The Leader (Chester newspaper)
2334,The Markup
2335,The Munsif Daily
2336,The Nassau Guardian
2337,The National Law Review
2338,The Newport Daily Express
2339,The Post and Courier
2340,The Radio Reader
2341,The Record (Troy)
2342,The Siasat Daily
2343,The Source (newspaper)
2344,The Tenterfield Star
2345,The Union (newspaper)
2346,The World Is Rich
2347,Third-party technique
2348,Thomas S. Winter
2349,Tim Latham
2350,Times Now
2351,Today (Singapore newspaper)
2352,Tom Wheeler
2353,Tony Ortiz
2354,TopDrawerSoccer.com
2355,Trends (magazine)
2356,Trial balloon
2357,U.S. Newswire
2358,UFO Magazine
2359,USFR Media Group
2360,Unidad Editorial
2361,Unity (newspaper)
2362,Up Late with Alec Baldwin
2363,Uzan Group
2364,Vernacular music
2365,Vessel (website)
2366,Viacom International
2367,Video Research
2368,Video manipulation
2369,Videomaker Magazine
2370,Vidme
2371,Visible Ink Press
2372,Vision Communications (Missouri)
2373,Vividata
2374,Vladimir Khanumyan
2375,Vltava Labe Media
2376,Vorwärts (Czechoslovak newspaper)
2377,W. Russell Neuman
2378,WE Forum
2379,WION (TV channel)
2380,Walcha News
2381,Warialda Standard
2382,Warwick Advertiser
2383,Warwick Fairfax
2384,Waterproof digital camera
2385,Waywire
2386,Weekly Alibi
2387,Wendy Day
2388,White Book (CD standard)
2389,White propaganda
2390,Win rate
2391,Worcester Democrat
2392,World Media Economics and Management Conference
2393,Wrexham Guardian
2394,XHABC-TDT
2395,XM (file format)
2396,XYZnetworks
2397,Xfinity Instant TV
2398,Xfinity Streampix
2399,Yle Teema & Fem
2400,Zawya
2401,Zee 24 Ghanta
2402,Zee 24 Hours Business
2403,Zee Bangla
2404,Zee Business
2405,Zee Learn
2406,Zee Living
2407,Zee TV
2408,Zee Yuva
2409,Zinaida Ignatyeva
2410,Zvezda (TV channel)
2411,Åsa Sandell
2412,Çukurova Media Group
2413,Época Negócios
2414,Étude de la presse d'information quotidienne
2415,İhlas Holding
2416,İstanbul (newspaper)
2417,1st GLAAD Media Awards
2418,AACTA Award for Best Children's Television Animation
2419,AACTA Award for Best Young Actor
2420,Alternative media in the United Kingdom
2421,Armenian newspapers
2422,Bibliography of advertising
2423,"Bibliography of encyclopedias: film, radio, television and mass communications"
2424,Comparison of MIDI editors and sequencers
2425,Glossary of video terms
2426,Gold (compilation album)
2427,Instances of subliminal messages
2428,Lists of celebrities
2429,Lists of newspapers
2430,Lists of singers
2431,Margaret Gallagher bibliography
2432,Marshall McLuhan bibliography
2433,Media in Abitibi-Témiscamingue
2434,Media in Alberta
2435,"Media in Banff, Alberta"
2436,"Media in Brandon, Manitoba"
2437,Media in Calgary
2438,Media in Charlottetown
2439,Media in Edmonton
2440,Media in Fort McMurray
2441,"Media in Fort Wayne, Indiana"
2442,Media in Fredericton
2443,Media in Grande Prairie
2444,Media in Greater Sudbury
2445,Media in Guelph
2446,"Media in Halifax, Nova Scotia"
2447,"Media in Hamilton, Ontario"
2448,Media in Kamloops
2449,Media in Kelowna
2450,"Media in Kingston, Ontario"
2451,Media in Lethbridge
2452,"Media in London, Ontario"
2453,Media in Medicine Hat
2454,Media in Moncton
2455,Media in Montreal
2456,"Media in North Bay, Ontario"
2457,Media in Ottawa–Gatineau
2458,Media in Owen Sound
2459,"Media in Peterborough, Ontario"
2460,"Media in Prince George, British Columbia"
2461,Media in Quebec City
2462,"Media in Red Deer, Alberta"
2463,"Media in Regina, Saskatchewan"
2464,"Media in Saguenay, Quebec"
2465,"Media in Saint John, New Brunswick"
2466,Media in Saskatoon
2467,Media in Sherbrooke
2468,"Media in St. John's, Newfoundland and Labrador"
2469,Media in Thunder Bay
2470,Media in Timmins
2471,Media in Toronto
2472,Media in Trois-Rivières
2473,Media in Vancouver
2474,"Media in Victoria, British Columbia"
2475,Media in Waterloo Region
2476,"Media in Windsor, Ontario"
2477,Media in Winnipeg
2478,Media in the Fraser Valley
2479,Media in the Regional Municipality of Peel
2480,Media of Namibia
2481,Newspaper circulation
2482,Newspapers of the Chicago metropolitan area
2483,Outline of public relations
2484,Primetime Emmy Award for Outstanding Animated Program
2485,Propaganda techniques
2486,Pulitzer Prize Special Citations and Awards
2487,Pulitzer Prize for Breaking News Photography
2488,Pulitzer Prize for Breaking News Reporting
2489,Pulitzer Prize for Commentary
2490,Pulitzer Prize for Criticism
2491,Pulitzer Prize for Editorial Cartooning
2492,Pulitzer Prize for Editorial Writing
2493,Pulitzer Prize for Explanatory Reporting
2494,Pulitzer Prize for Feature Photography
2495,Pulitzer Prize for Feature Writing
2496,Pulitzer Prize for International Reporting
2497,Pulitzer Prize for Investigative Reporting
2498,Pulitzer Prize for Local Reporting
2499,Pulitzer Prize for National Reporting
2500,Pulitzer Prize for Public Service
2501,Romani people in fiction
2502,Teletext systems
2503,Timeline of social media
2504,Timeline of the News Corporation scandal
2505,Videos and audio recordings of Osama bin Laden
2506,WWE Books
2507,Women in journalism
2508,Media concentration in Canada
